公司名稱	股票代號	關注原因	加入日期
冠和精密預鑄材料	未上市(根基營造2546持股65%子公司)	A級95｜根基營造(2546)115/09/15同日兩則重訊，代子公司冠和精密預鑄材料公告：①取得彰化縣溪州鄉榮光段579、580、581地號3筆土地，17,554.57㎡＝5,310.26坪，總價451,373仟元（4.5137億）＝約8.5萬元/坪；②取得榮光段604、606、607、608地號4筆土地（…	2026-09-15
長瑜企業	未上市(統編86807855)	A級95｜長瑜企業股份有限公司（TSANG YU INDUSTRIAL，自有品牌 Merrylock），統編86807855、資本額1億6,500萬元全額實收、代表人曾賢長、設立81/07/29、最後核准變更114/02/24、狀態核准設立。本業為家用及工業用縫紉機（拷克機、繃縫機、電腦縫紉機、刺繡機）研發製…	2026-10-02
福懋科技	8131	A級88｜台塑集團半導體封測臂膀，斗六廠（雲林縣斗六市河南街329號，1996設立）。115/09/21取得廠務設備一批8.87億，交易相對人百總工程（非關係人），用途供生產/營運使用。此為斗六五廠一期先進封裝廠建廠工程之一環：五廠營建2025/11已取得使用執照並啟動發包，2025/12/19另決議7.02…	2026-09-22
台灣杜邦	未上市(Qnity Electronics, Inc. NYSE:Q 全資子公司)	A級75｜原由富采光電深研反查建檔，本輪以重訊原文＋公開報導雙軌核實，三項關鍵事實更新： ①母公司身分翻案——富采投控(3714)115/03/06 13:59重訊原文交易相對人欄明載「台灣杜邦股份有限公司（為 Qnity Electronics, Inc. (NYSE: Q) 的全資子公司）；非關係人」。D…	2026-09-02
駿逸工程	未上市	B級75｜統編70571164，代表人過堆祥，登記地址臺北市中山區新生北路3段26號4樓之1，公開登記顯示持有1家登記工廠，電話02-2585-4976。 地主身分已由法定來源核實：根基(2546)115/09/15 16:32:22重訊原文交易相對人欄明載「交易對象：駿逸工程股份有限公司；與公司關係：無」，…	2026-09-21
亞東預拌混凝土	亞泥1102子公司	A級75｜亞泥(1102)代子公司亞東預拌混凝土購置台中市潭子區僑忠段307-4、頭家段2-2等共9筆地號及僑忠段308建號，土地4,398.98㎡（約1,330.7坪）、建物341.68㎡（約103.4坪），總價6.43億元、約48.3萬／坪；賣方瑞興實業有限公司、議價、無經紀人；客觀不動產估價師事務所估6…	2026-09-23
鑽全實業	1527	B級75｜鑽全（1527，氣動工具/釘槍龍頭，統編20982120，總公司台中市西屯區工業區36路24號，04-2359-8877）115/09/30 董事會決議私募現增≤2,700萬股（11/19 股臨會審議），策略投資人＝亞崴機電（1530，工具機，認購≤1,500萬股/持股≤9.06%）＋德昌營造（55…	2026-10-01
亞崴機電	1530	B級75｜亞崴機電（1530，統編22224692，1986年設立，CNC綜合加工中心機／龍門／C型立式加工機），程泰集團成員：會長楊德華2003年入主亞崴，亞崴為程泰機械（1583・GOODWAY）轉投資公司。公司登記地＝新竹縣新埔鎮關埔路水車頭段629號；中科廠＝台中市西屯區科園二路15號（中部科學園區精…	2026-10-02
大成長城	1210	B級72｜代子公司中一食品公告董事會決議新建蛋品加工廠、預計投入20.8億元（自有資金＋銀行借款）。媒體補充：廠址在彰化縣大城鄉、既有昭成蛋品加工廠旁，土地約3,000坪，與日本昭和產業合作，年產能1.5萬噸，設計與設備規劃已完成、2028年投產。既有昭成廠（大城鄉上富段330、330-1、332地號，202…	2026-09-25
百德機械	4563	B級72｜股權結構查清：單一最大股東為業強科技（6124），持股12,434張＝22.63%（2021年以3.99億元取得，業強自述屬財務性投資，並取得兩席董事）；董事長謝瑞木僅持股5,344張＝9.73%、低於業強；總經理謝天昕962張＝1.75%。董監合計持股24,598張＝44.77%，其中質押2,00…	2026-09-25
瑞興實業	未上市	B級65｜瑞興實業有限公司以6.43億元將台中潭子僑忠段／頭家段9筆地號＋1建號售予亞東預拌混凝土，議價、無經紀人。2026-09-23 WebSearch查無任何有效公開資料（命中者為桃園瑞興工業股份有限公司、台中瑞踴企業有限公司，均非同一主體）。本檔價值完全建立在『同業還不知道它賣了』：未上市有限公司不發…	2026-09-23
南亞塑膠	1303	B級65｜彰濱廠區宿舍新建工程，自地委建，四家承攬商合計 9 億 131 萬元（榮信建設工程 8.76 億占 97.2%、冠勝企業社 1,929 萬、晟駿工程 296 萬、瀚威企業社 304.1 萬），事實發生日 115/1/27～115/9/23、董事長核決、非關係人、無經紀人。監控區域內（彰化・彰濱工業區…	2026-09-24
台神工具	未上市	C級35｜統編23225467，實收資本額8,500萬元（額定3.4億）。股權查清：日商三菱綜合材料株式會社持有4,600,000股＝54.12%，過半控股；且副董事長池上智昭、董事澁谷祥知、董事谷口愛三席均代表日方，台灣端代表人為鄒啓新。115/09/21已將唯一廠區（新竹縣湖口鄉仁德路10號＋建興段建興小…	2026-09-22
天虹	6937	C級30｜115/09/21董事會決議購置新竹縣湖口鄉建興段建興小段15地號土地1,790.8坪＋仁德路10號廠房1,678.975坪（9建號），6億9,841萬2千元、約39.0萬元/土地坪，賣方台神工具（非關係人），雙方議價、宸瓏估價671,031千元、成交高於估價2.9%、經紀人不適用，目的「因應未來業…	2026-09-22
惠民實業	6971	C級30｜115/10/02 代子公司惠嘉水務與嘉義縣政府＋國科會南科管理局簽訂「嘉義縣擴大縣治再生水廠興建移轉營運案」投資契約，BTO、建設費約16.9億元（含稅）、興建期1,195日曆天、營運15年，標的含南科嘉義園區高階處理系統。本身非廠房需求方（用地為主辦機關所有、無自有廠房可處分），列入的理由是當作…	2026-10-03
